track_id,x,y
1,907.569580078125,745.8817138671875
1,907.0072631835938,748.9960327148438
1,906.5494995117188,748.3271484375
1,907.3130493164062,749.5032348632812
1,907.08056640625,749.3660888671875
1,906.5656127929688,749.3666381835938
1,906.7534790039062,749.2772827148438
1,906.6992797851562,749.098876953125
1,906.962646484375,750.4568481445312
1,906.5511474609375,750.5813598632812
1,906.7596435546875,750.63330078125
1,906.8098754882812,750.3641967773438
1,906.76904296875,749.6026611328125
1,906.80322265625,749.4720458984375
1,907.22021484375,749.8621215820312
1,907.339111328125,750.191162109375
1,908.2318115234375,750.1126708984375
1,907.786376953125,749.5550537109375
1,908.0347900390625,749.8282470703125
1,907.8665771484375,750.072021484375
1,907.6096801757812,749.9800415039062
1,907.1863403320312,749.978759765625
1,907.5736083984375,750.2653198242188
1,907.72900390625,750.1201171875
1,907.6903076171875,750.2608642578125
1,907.5499877929688,749.7002563476562
1,907.7161865234375,751.16015625
1,907.5179443359375,751.6263427734375
1,907.682373046875,751.758544921875
1,907.576171875,751.6563720703125
1,907.66845703125,751.5631713867188
1,907.9027099609375,751.0032348632812
1,908.6258544921875,750.3575439453125
1,909.072998046875,750.5670166015625
1,909.07275390625,750.5846557617188
1,909.1571044921875,750.5491943359375
1,908.8068237304688,750.7747802734375
1,908.795166015625,750.7821044921875
1,908.778076171875,750.3282470703125
1,908.818359375,750.4660034179688
1,908.9057006835938,750.46337890625
1,909.046875,750.9369506835938
1,908.6734619140625,750.3751831054688
1,908.9683837890625,749.8375854492188
1,909.1240234375,750.5625
1,909.0682373046875,750.8710327148438
1,908.4683837890625,750.2491455078125
1,908.46533203125,750.2671508789062
1,908.8575439453125,750.7421264648438
1,908.84814453125,750.3909912109375
1,906.5839233398438,758.1132202148438
1,906.741943359375,758.1298828125
1,906.2801513671875,758.83544921875
1,905.85546875,758.63232421875
1,905.83251953125,758.5519409179688
1,905.9627685546875,758.5277709960938
1,906.0320434570312,759.07470703125
1,906.1939697265625,758.9192504882812
1,905.5947265625,758.0809936523438
1,905.3548583984375,758.2802734375
1,905.949462890625,758.829345703125
1,906.1146240234375,758.2816162109375
1,906.0806884765625,757.7305908203125
1,905.7149658203125,757.8724365234375
1,905.8016357421875,757.7828979492188
1,905.58447265625,757.3948974609375
1,905.5150146484375,757.641357421875
1,905.61865234375,757.7822265625
1,905.1897583007812,757.5910034179688
1,905.193603515625,757.4534912109375
1,905.5808715820312,758.115966796875
1,905.69775390625,758.117431640625
1,905.376708984375,758.2915649414062
1,905.82080078125,759.1327514648438
1,905.8267822265625,758.2838745117188
1,905.8485107421875,758.6867065429688
1,905.8170166015625,758.6870727539062
1,905.832275390625,758.53564453125
1,906.0557861328125,759.191162109375
1,905.8980102539062,759.1111450195312
1,906.0327758789062,759.0265502929688
1,906.4219970703125,758.9701538085938
1,906.1754150390625,757.9978637695312
1,905.8438110351562,757.7239379882812
1,905.8612060546875,757.8070678710938
1,905.9127197265625,757.9945678710938
1,905.9940185546875,758.1004028320312
1,906.2288818359375,758.195556640625
1,906.7724609375,757.2799072265625
1,906.6751708984375,757.4556884765625
1,906.83349609375,758.2849731445312
1,906.7673950195312,758.4702758789062
1,906.90185546875,758.84765625
1,906.6458740234375,758.7271728515625
1,906.6651611328125,758.65966796875
1,906.672119140625,759.0245361328125
1,906.8607788085938,759.2147216796875
1,906.7172241210938,759.4508056640625
1,906.3157958984375,760.6561889648438
1,906.0763549804688,760.6512451171875
1,904.7030639648438,749.8690795898438
1,904.6287231445312,746.375
1,904.25244140625,748.1204833984375
1,904.31103515625,749.107177734375
1,904.21484375,750.80517578125
1,904.7159423828125,750.7648315429688
1,904.8301391601562,750.5965576171875
1,904.56396484375,750.9834594726562
1,904.53369140625,748.5213623046875
1,904.7070922851562,748.8233642578125
1,904.521728515625,748.7902221679688
1,904.2115478515625,747.986083984375
1,904.0812377929688,748.06201171875
1,904.7059326171875,748.864013671875
1,904.5642700195312,749.2960205078125
1,905.372802734375,749.98291015625
1,905.4500732421875,750.3290405273438
1,905.4835205078125,749.9155883789062
1,905.2689208984375,749.607421875
1,905.5962524414062,750.453369140625
1,905.7022705078125,750.18408203125
1,905.8802490234375,750.0142822265625
1,905.8646850585938,750.6416015625
1,905.7213134765625,750.4286499023438
1,905.8934326171875,751.1738891601562
1,905.923828125,751.353759765625
1,906.073974609375,751.2374267578125
1,906.383544921875,750.424560546875
1,906.359130859375,749.9957885742188
1,906.2583618164062,749.6953125
1,906.0975952148438,749.381103515625
1,906.3167724609375,748.768798828125
1,906.3485107421875,748.438232421875
1,906.8058471679688,749.61572265625
1,906.7897338867188,749.65771484375
1,906.782470703125,750.060302734375
1,906.8714599609375,750.3900146484375
1,906.6919555664062,750.2415771484375
1,906.692138671875,750.8150024414062
1,907.1731567382812,752.6103515625
1,907.3961181640625,752.0106811523438
1,907.2115478515625,752.3640747070312
1,906.87548828125,752.1117553710938
1,906.9644165039062,751.239990234375
1,907.2031860351562,750.8842163085938
1,907.3005981445312,750.6362915039062
1,907.07470703125,750.2459716796875
1,907.2293701171875,750.9512939453125
1,907.446044921875,751.0179443359375
1,908.1346435546875,751.53125
1,907.8341674804688,754.984375
1,906.8184814453125,753.8594970703125
1,907.3074951171875,753.587158203125
1,907.9683837890625,754.2401123046875
1,906.95068359375,754.8453369140625
1,906.5872802734375,755.0952758789062
1,906.2413330078125,754.267822265625
1,905.92236328125,754.328125
1,906.287841796875,753.3660278320312
1,905.216064453125,753.2537841796875
1,905.5750732421875,753.225830078125
1,905.3963623046875,752.8431396484375
1,905.0714111328125,752.4669799804688
1,905.1608276367188,752.533447265625
1,904.7279663085938,752.8518676757812
1,904.097900390625,752.5892944335938
1,903.5811767578125,751.5701904296875
1,903.3955078125,751.513427734375
1,903.803466796875,751.7974853515625
1,903.9091796875,751.1517333984375
1,904.0003662109375,750.84521484375
1,904.2669067382812,749.5629272460938
1,904.115966796875,749.3091430664062
1,903.7001953125,749.3905029296875
1,903.4769897460938,748.048828125
1,903.2059936523438,747.60009765625
1,903.4107666015625,747.7105712890625
1,903.885498046875,746.6455078125
1,904.1680297851562,746.48046875
1,903.9404296875,746.7680053710938
1,902.6998291015625,746.580322265625
1,903.0054931640625,746.26171875
1,903.1182861328125,746.7696533203125
1,903.1744995117188,747.4714965820312
1,903.4161987304688,747.5073852539062
1,903.570556640625,747.0195922851562
1,903.6763916015625,746.97412109375
1,903.72119140625,746.6817626953125
1,903.7392578125,746.5317993164062
1,903.626953125,746.290283203125
1,903.3865966796875,746.2662963867188
1,903.411865234375,746.2342529296875
1,903.3477783203125,747.6583251953125
1,903.465576171875,747.6011352539062
1,903.5051879882812,747.8728637695312
1,903.5147705078125,748.530029296875
1,903.5099487304688,748.7869873046875
1,903.9933471679688,749.5365600585938
1,903.6944580078125,750.906982421875
1,904.1639404296875,751.2801513671875
1,907.704833984375,748.6752319335938
1,907.61328125,749.52099609375
1,907.804931640625,750.0686645507812
1,907.8974609375,750.617431640625
1,908.3461303710938,751.2632446289062
1,908.4609375,751.8693237304688
1,908.3201904296875,751.4573364257812
1,908.3189697265625,750.7069702148438
1,907.9833984375,751.1033935546875
1,907.91357421875,750.8968505859375
1,908.27734375,751.1922607421875
1,908.158935546875,752.029296875
1,907.46875,751.9376220703125
1,907.5573120117188,751.5975341796875
1,907.3148803710938,751.4688720703125
1,906.9904174804688,751.9791259765625
1,907.0197143554688,752.8793334960938
1,907.2750244140625,753.7664794921875
1,907.228271484375,753.9299926757812
1,907.0323486328125,753.7340087890625
1,906.4550170898438,752.6795654296875
1,906.059814453125,752.354736328125
1,906.23583984375,753.0529174804688
1,906.2788696289062,752.7998046875
1,906.0492553710938,753.0654296875
1,906.037353515625,753.0318603515625
1,905.91015625,753.1880493164062
1,905.867431640625,753.29541015625
1,905.9981689453125,752.8975830078125
1,906.6300048828125,753.2250366210938
1,906.277587890625,752.4158935546875
1,906.125,751.850830078125
1,906.2828369140625,751.606201171875
1,906.2501220703125,751.8667602539062
1,906.4645385742188,751.6342163085938
1,906.4234619140625,751.120849609375
1,906.0236206054688,751.2855834960938
1,906.4323120117188,751.9835205078125
1,906.2271728515625,751.1214599609375
1,906.2764892578125,751.16162109375
1,906.6729125976562,751.531494140625
1,906.7208251953125,751.6803588867188
1,906.5450439453125,751.8037719726562
1,906.3960571289062,752.3924560546875
1,905.9434204101562,751.40478515625
1,905.941162109375,751.4044189453125
1,906.6236572265625,750.7432250976562
1,906.9239501953125,750.553466796875
1,906.92919921875,750.2045288085938
1,905.2130126953125,753.92041015625
1,905.6148681640625,754.4075927734375
1,905.27685546875,754.2462158203125
1,906.9954833984375,750.4881591796875
1,906.6407470703125,750.3787841796875
1,905.6923828125,754.734130859375
1,905.9508056640625,754.34765625
1,905.4398193359375,754.28173828125
1,905.17431640625,754.8961181640625
1,904.8870849609375,754.629638671875
1,903.7893676757812,754.828857421875
1,903.6282348632812,754.702880859375
1,903.79150390625,753.9625244140625
1,904.7017822265625,754.7154541015625
1,905.77978515625,755.1474609375
1,904.1207885742188,754.492431640625
1,902.4270629882812,754.1585693359375
1,902.61279296875,754.236328125
1,903.40283203125,753.0675048828125
1,903.5506591796875,752.982177734375
1,903.8858642578125,753.5696411132812
1,903.812255859375,754.669189453125
1,904.2321166992188,755.3714599609375
1,907.1199951171875,751.6893310546875
1,907.266357421875,751.5489501953125
1,907.5986938476562,751.8658447265625
1,907.3963623046875,750.919677734375
1,907.073974609375,751.2254638671875
1,907.4566650390625,750.8175048828125
1,907.147705078125,750.974853515625
1,906.9957275390625,750.5172119140625
1,906.4348754882812,749.7244262695312
1,907.9063720703125,752.980224609375
1,908.0140380859375,752.7879638671875
1,907.82275390625,753.396240234375
1,907.472900390625,752.935546875
1,907.1455078125,752.7261962890625
1,907.28515625,752.4439086914062
1,907.3388671875,752.5623779296875
1,907.93994140625,752.1124877929688
1,907.6204833984375,752.1138916015625
1,908.0242309570312,752.0377807617188
1,907.6717529296875,752.038330078125
1,907.834716796875,752.24169921875
1,907.5419921875,751.875
1,907.6505126953125,751.9707641601562
1,907.1258544921875,752.112548828125
1,907.1661376953125,751.9671020507812
1,907.0877685546875,751.7979125976562
1,907.1226196289062,751.9163818359375
1,907.6166381835938,752.3827514648438
1,907.6507568359375,752.0999755859375
1,907.6739501953125,752.117431640625
1,907.595458984375,751.7451782226562
1,907.6181640625,751.7723388671875
1,907.6349487304688,751.246337890625
1,907.4150390625,751.0640258789062
1,907.5015869140625,751.4449462890625
1,906.2894287109375,751.3815307617188
1,906.29541015625,751.0811767578125
1,906.1759033203125,751.1976928710938
1,906.12841796875,751.7769775390625
1,905.993896484375,750.9076538085938
1,906.4713134765625,751.1435546875
1,906.2030639648438,751.4222412109375
1,906.0166015625,751.4556884765625
1,906.4776611328125,751.2976684570312
1,906.7597045898438,750.91796875
1,906.5540771484375,750.712646484375
1,906.564697265625,750.5633544921875
1,906.9996337890625,751.12060546875
1,906.8212280273438,750.9567260742188
1,907.01953125,751.2870483398438
1,906.7120971679688,751.452392578125
1,907.0826416015625,751.48681640625
1,906.9036865234375,751.1361694335938
1,906.6549072265625,751.5049438476562
1,906.6143188476562,751.2548217773438
1,906.4932861328125,751.4895629882812
1,906.6519775390625,751.8711547851562
1,906.3477783203125,751.9857788085938
1,906.297607421875,750.498046875
1,906.9607543945312,755.2769775390625
1,906.604736328125,755.5257568359375
1,906.6014404296875,755.31005859375
1,906.4097900390625,754.1279296875
1,906.5055541992188,753.89208984375
1,906.70654296875,753.4591064453125
1,906.4502563476562,754.8851318359375
1,906.47509765625,754.7012329101562
1,906.348876953125,754.6437377929688
1,905.882568359375,756.1766967773438
1,905.5570068359375,756.094482421875
1,905.5848999023438,754.7835693359375
1,906.1153564453125,755.3236083984375
1,906.3711547851562,753.3551025390625
1,906.83837890625,753.3755493164062
1,906.7525634765625,753.9387817382812
1,906.5919799804688,753.4986572265625
1,906.8640747070312,753.9797973632812
1,906.7966918945312,754.0903930664062
1,906.7484130859375,754.8048706054688
1,906.80615234375,754.979736328125
1,907.0048828125,755.4874877929688
1,907.0574951171875,754.8744506835938
1,906.7615356445312,754.3639526367188
1,906.672607421875,754.7872924804688
1,906.070068359375,754.07080078125
1,905.9024047851562,753.580810546875
1,905.7235107421875,753.6412353515625
1,905.4908447265625,753.7650146484375
1,905.7072143554688,753.903076171875
1,905.6698608398438,753.957275390625
1,905.778076171875,753.9578857421875
1,905.6507568359375,754.09765625
1,905.3801879882812,754.1912841796875
1,905.453125,753.81982421875
1,905.2100830078125,753.1689453125
1,904.8560791015625,753.3343505859375
1,904.6485595703125,753.2008666992188
1,904.3065185546875,754.2305908203125
1,904.5784912109375,754.4884033203125
1,904.341064453125,754.5361328125
1,904.4478149414062,755.011962890625
1,904.537841796875,754.9773559570312
1,904.6206665039062,754.3822631835938
1,904.2969970703125,753.910888671875
1,904.2877197265625,753.581787109375
1,903.93017578125,753.3198852539062
1,904.4694213867188,753.8018798828125
1,904.5765380859375,752.475341796875
1,904.6210327148438,752.55322265625
1,907.9942016601562,749.1813354492188
1,908.0147094726562,749.2857055664062
1,908.04833984375,749.6735229492188
1,907.7548828125,748.9864501953125
1,907.5265502929688,748.2848510742188
1,907.4984130859375,748.2601318359375
1,907.7109375,748.42529296875
1,908.3472290039062,748.9603271484375
1,908.29931640625,748.7437133789062
1,908.3681030273438,749.3214111328125
1,908.4114990234375,749.498779296875
1,908.81689453125,750.0640869140625
1,908.6119995117188,750.3817749023438
1,909.1448364257812,750.2286987304688
1,907.7681884765625,749.6515502929688
1,908.1403198242188,750.553955078125
1,908.912841796875,751.5020141601562
1,909.31298828125,751.528564453125
1,909.124267578125,751.6739501953125
1,908.513916015625,750.6586303710938
1,908.5987548828125,750.7380981445312
1,908.77490234375,751.1016845703125
1,908.9566040039062,751.08154296875
1,908.6493530273438,750.669921875
1,908.881591796875,750.8170166015625
1,909.021240234375,751.0420532226562
1,909.4465942382812,752.164306640625
1,909.4678344726562,751.944091796875
1,910.0072021484375,752.5367431640625
1,909.757568359375,751.56298828125
1,909.38037109375,751.3450927734375
1,909.4619140625,751.0936889648438
1,909.04150390625,750.0199584960938
1,909.4777221679688,750.4531860351562
1,909.454833984375,750.287109375
1,909.5535888671875,750.0401000976562
1,909.7637329101562,750.5733032226562
1,909.8285522460938,750.3206787109375
1,910.7762451171875,750.0939331054688
1,911.3018188476562,751.5013427734375
1,911.3009033203125,752.1560668945312
1,911.2142944335938,751.7994384765625
1,911.4981079101562,751.7523193359375
1,911.501220703125,751.8901977539062
1,911.5632934570312,751.7890625
1,911.7667236328125,752.398681640625
1,911.8043212890625,752.2279052734375
1,911.6937255859375,751.9814453125
1,911.90966796875,752.385009765625
1,911.810302734375,752.4539794921875
1,906.0701904296875,746.4307250976562
1,906.5820922851562,748.5053100585938
1,907.22119140625,751.242919921875
1,907.218017578125,752.1068115234375
1,907.203857421875,752.10205078125
1,907.8477783203125,752.4527587890625
1,907.7327880859375,752.4307861328125
1,906.4183959960938,752.5711669921875
1,906.5454711914062,753.4711303710938
1,906.265869140625,754.446533203125
1,906.4224853515625,754.2639770507812
1,906.627685546875,754.284912109375
1,906.8116455078125,754.82763671875
1,907.22607421875,755.057861328125
1,907.0534057617188,755.8255004882812
1,907.145751953125,755.7138061523438
1,906.9385986328125,754.5155029296875
1,907.0914916992188,754.9414672851562
1,907.455078125,751.7664794921875
1,907.4144287109375,755.2833251953125
1,907.4609375,755.0751342773438
1,907.281494140625,754.8057861328125
1,907.461669921875,751.1617431640625
1,907.5137939453125,754.6810913085938
1,907.49853515625,754.68310546875
1,907.0567626953125,754.39892578125
1,906.724365234375,753.9420776367188
1,906.7377319335938,753.886474609375
1,906.6129150390625,754.224609375
1,906.5054931640625,754.9568481445312
1,907.113037109375,754.94287109375
1,906.39990234375,753.4149169921875
1,906.328857421875,753.9224853515625
1,906.5692749023438,753.97900390625
1,906.4861450195312,754.4443359375
1,907.082763671875,754.324462890625
1,907.0423583984375,754.3778686523438
1,907.3001708984375,754.8228759765625
1,907.565185546875,754.434814453125
1,907.3721923828125,753.9754028320312
1,907.462646484375,754.5010986328125
1,907.1461181640625,754.2581176757812
1,906.6072998046875,753.3651123046875
1,906.201904296875,753.6381225585938
1,906.261962890625,754.1220703125
1,906.0718994140625,753.727783203125
1,906.2735595703125,754.0274658203125
1,906.6373901367188,754.2227783203125
1,906.627685546875,753.2373046875
1,906.5693359375,753.0115356445312
1,908.68603515625,756.9124145507812
1,908.742919921875,758.2119140625
1,908.908203125,758.0831909179688
1,908.9785766601562,758.4065551757812
1,908.9547729492188,758.2275390625
1,909.40625,758.3074951171875
1,909.510009765625,757.9381713867188
1,909.1400756835938,757.2940063476562
1,908.9119262695312,757.8812255859375
1,909.0979614257812,757.7067260742188
1,909.7970581054688,757.5170288085938
1,909.4246215820312,757.5357055664062
1,909.5218505859375,757.6007080078125
1,909.2943115234375,757.1990966796875
1,909.7282104492188,756.7430419921875
1,909.6315307617188,756.5593872070312
1,908.768310546875,756.27880859375
1,908.885009765625,756.4520263671875
1,908.6392822265625,755.880615234375
1,908.4232177734375,755.8394775390625
1,907.963134765625,755.7708740234375
1,908.1248779296875,756.0596923828125
1,908.0797119140625,755.8639526367188
1,907.832275390625,755.75
1,907.4825439453125,756.3305053710938
1,907.5342407226562,756.8980712890625
